{"val_accuracy": 0.6800000071525574, "val_loss": 1.4917628765106201, "train_accuracy": 0.9422839283943176, "train_loss": 0.1894315481185913}